Modelo,MAE,RMSE,R²,Corr,Coverage,Median Width,Mean Width
resultados_2014_UseGarch=False_vol=None,6.086318363569496,9.292859333507288,0.6502870949498438,0.840715958499668,0.9452054794520548,25.0246383231243,39.04447686123357
resultados_2014_UseGarch=True_vol=EGARCH,5.989942815128214,9.074114060785195,0.6665571568618422,0.8386335609299366,0.9452054794520548,21.58441226762298,29.87917635797078
resultados_2014_UseGarch=True_vol=GARCH,6.007414769226551,9.14505607070132,0.6613230207474647,0.842681141194926,0.958904109589041,25.782413610208675,36.57107306125931
resultados_2018_UseGarch=False_vol=None,2.461395155616577,3.2920237559017815,0.4322728372116462,0.7131280884442651,0.9178082191780822,10.075323398961055,12.025244805342332
resultados_2018_UseGarch=True_vol=EGARCH,2.451171226524806,3.2642813268229784,0.44180118040365124,0.7153945473208849,0.958904109589041,11.979461075662647,13.148753728429893
resultados_2018_UseGarch=True_vol=GARCH,2.4656171090352625,3.2915663349899793,0.43243059563258,0.7156296618602013,0.958904109589041,11.840488030982733,13.239831784887244
resultados_2023_UseGarch=False_vol=None,15.954003076594745,26.445983841106038,0.8084309196912289,0.9026254021458683,0.9315068493150684,52.227774252537735,104.60608964360766
resultados_2023_UseGarch=True_vol=EGARCH,15.002627199750817,25.67509401731035,0.8194364673508298,0.9063548421477684,0.9315068493150684,41.009857680720685,87.47282892568471
resultados_2023_UseGarch=True_vol=GARCH,15.17405519193103,25.75293268644416,0.8183399860735193,0.9065979421953934,0.9452054794520548,38.6813667827788,93.21816720023348
